loan_id,fico,ltv,quarter,quarter_num,risk_segment,loan_amount,purpose
LN000067,615,97,2023-Q1,1,Subprime,422662,Purchase
LN000284,650,94,2023-Q1,1,Subprime,411459,Purchase
LN000304,650,74,2023-Q1,1,Subprime,465562,Purchase
LN000097,666,94,2023-Q1,1,Subprime,185889,Purchase
LN000197,669,81,2023-Q1,1,Subprime,361796,Purchase
LN000145,673,77,2023-Q1,1,Subprime,141920,Refinance
LN000196,682,90,2023-Q1,1,Near Prime,375089,Refinance
LN000085,683,89,2023-Q1,1,Near Prime,483423,Purchase
LN000488,685,82,2023-Q1,1,Near Prime,342356,Refinance
LN000020,686,92,2023-Q1,1,Near Prime,206783,Purchase
LN000069,689,104,2023-Q1,1,Near Prime,361855,Refinance
LN000266,690,104,2023-Q1,1,Near Prime,314891,Purchase
LN000035,695,86,2023-Q1,1,Near Prime,213441,Purchase
LN000146,698,87,2023-Q1,1,Near Prime,189867,Purchase
LN000079,702,93,2023-Q1,1,Near Prime,280066,Purchase
LN000258,702,76,2023-Q1,1,Near Prime,238241,Purchase
LN000369,703,89,2023-Q1,1,Near Prime,504682,Refinance
LN000441,703,94,2023-Q1,1,Near Prime,463134,Purchase
LN000357,706,63,2023-Q1,1,Near Prime,128473,Purchase
LN000483,706,79,2023-Q1,1,Near Prime,388546,Purchase
LN000473,711,103,2023-Q1,1,Near Prime,292613,Purchase
LN000262,717,65,2023-Q1,1,Near Prime,148915,Purchase
LN000462,719,80,2023-Q1,1,Near Prime,602058,Refinance
LN000517,723,84,2023-Q1,1,Prime,396811,Refinance
LN000048,724,98,2023-Q1,1,Prime,92000,Refinance
LN000311,728,82,2023-Q1,1,Prime,92000,Purchase
LN000331,731,89,2023-Q1,1,Prime,303643,Purchase
LN000374,733,80,2023-Q1,1,Prime,264587,Purchase
LN000124,740,83,2023-Q1,1,Prime,327113,Purchase
LN000393,740,79,2023-Q1,1,Prime,287529,Refinance
LN000417,742,89,2023-Q1,1,Prime,392771,Purchase
LN000372,746,90,2023-Q1,1,Prime,346543,Purchase
LN000123,747,90,2023-Q1,1,Prime,320570,Refinance
LN000399,751,82,2023-Q1,1,Prime,245536,Purchase
LN000291,763,99,2023-Q1,1,Super Prime,401874,Purchase
LN000239,778,72,2023-Q1,1,Super Prime,308854,Refinance
LN000419,784,104,2023-Q1,1,Super Prime,389239,Purchase
LN000339,793,92,2023-Q1,1,Super Prime,230957,Purchase
LN000452,797,71,2023-Q1,1,Super Prime,250862,Purchase
LN000012,800,70,2023-Q1,1,Super Prime,223613,Purchase
LN000434,807,62,2023-Q1,1,Super Prime,92000,Refinance
LN000299,589,71,2023-Q2,2,Subprime,276408,Refinance
LN000295,602,71,2023-Q2,2,Subprime,354922,Refinance
LN000108,642,90,2023-Q2,2,Subprime,262684,Purchase
LN000508,647,93,2023-Q2,2,Subprime,559367,Purchase
LN000250,650,84,2023-Q2,2,Subprime,197548,Refinance
LN000064,651,89,2023-Q2,2,Subprime,500778,Refinance
LN000468,651,77,2023-Q2,2,Subprime,215686,Purchase
LN000160,654,75,2023-Q2,2,Subprime,431621,Refinance
LN000290,662,92,2023-Q2,2,Subprime,470786,Refinance
LN000264,672,100,2023-Q2,2,Subprime,540661,Purchase
LN000127,679,102,2023-Q2,2,Subprime,177625,Purchase
LN000447,679,83,2023-Q2,2,Subprime,379507,Purchase
LN000455,681,76,2023-Q2,2,Near Prime,477102,Purchase
LN000234,688,89,2023-Q2,2,Near Prime,354442,Purchase
LN000368,690,90,2023-Q2,2,Near Prime,202685,Purchase
LN000230,691,104,2023-Q2,2,Near Prime,121420,Purchase
LN000156,693,67,2023-Q2,2,Near Prime,198821,Purchase
LN000276,702,83,2023-Q2,2,Near Prime,282011,Refinance
LN000017,704,79,2023-Q2,2,Near Prime,140746,Refinance
LN000190,705,72,2023-Q2,2,Near Prime,299538,Purchase
LN000520,707,87,2023-Q2,2,Near Prime,298836,Purchase
LN000472,711,74,2023-Q2,2,Near Prime,234012,Refinance
LN000267,714,86,2023-Q2,2,Near Prime,182396,Refinance
LN000150,718,92,2023-Q2,2,Near Prime,159158,Purchase
LN000491,719,100,2023-Q2,2,Near Prime,322907,Refinance
LN000338,727,60,2023-Q2,2,Prime,260162,Refinance
LN000487,727,96,2023-Q2,2,Prime,148200,Refinance
LN000021,728,90,2023-Q2,2,Prime,233129,Purchase
LN000518,728,84,2023-Q2,2,Prime,96327,Purchase
LN000519,728,83,2023-Q2,2,Prime,365461,Purchase
LN000063,732,104,2023-Q2,2,Prime,334782,Purchase
LN000307,732,72,2023-Q2,2,Prime,283478,Purchase
LN000238,734,76,2023-Q2,2,Prime,270230,Purchase
LN000405,737,82,2023-Q2,2,Prime,344534,Purchase
LN000109,742,78,2023-Q2,2,Prime,322065,Refinance
LN000030,746,101,2023-Q2,2,Prime,399862,Refinance
LN000363,750,84,2023-Q2,2,Prime,317872,Refinance
LN000478,751,70,2023-Q2,2,Prime,427146,Purchase
LN000407,761,83,2023-Q2,2,Super Prime,145203,Purchase
LN000343,764,101,2023-Q2,2,Super Prime,361071,Refinance
LN000456,764,70,2023-Q2,2,Super Prime,321911,Purchase
LN000207,767,88,2023-Q2,2,Super Prime,268170,Purchase
LN000011,774,80,2023-Q2,2,Super Prime,492044,Purchase
LN000059,778,88,2023-Q2,2,Super Prime,358717,Purchase
LN000261,790,70,2023-Q2,2,Super Prime,158091,Purchase
LN000470,807,81,2023-Q2,2,Super Prime,310708,Purchase
LN000077,808,96,2023-Q2,2,Super Prime,286976,Purchase
LN000128,809,78,2023-Q2,2,Super Prime,187261,Purchase
LN000370,814,81,2023-Q2,2,Super Prime,269128,Purchase
LN000346,818,79,2023-Q2,2,Super Prime,385357,Purchase
LN000367,820,71,2023-Q2,2,Super Prime,326729,Purchase
LN000495,821,87,2023-Q2,2,Super Prime,287340,Refinance
LN000383,616,87,2023-Q3,3,Subprime,259752,Purchase
LN000479,617,81,2023-Q3,3,Subprime,539122,Purchase
LN000492,642,101,2023-Q3,3,Subprime,279105,Refinance
LN000316,646,73,2023-Q3,3,Subprime,265157,Refinance
LN000071,653,83,2023-Q3,3,Subprime,405738,Purchase
LN000449,654,94,2023-Q3,3,Subprime,459433,Refinance
LN000323,656,99,2023-Q3,3,Subprime,484824,Purchase
LN000008,658,104,2023-Q3,3,Subprime,424241,Purchase
LN000319,659,104,2023-Q3,3,Subprime,320064,Purchase
LN000420,663,94,2023-Q3,3,Subprime,155604,Purchase
LN000049,664,71,2023-Q3,3,Subprime,186010,Refinance
LN000098,665,73,2023-Q3,3,Subprime,298990,Purchase
LN000409,666,65,2023-Q3,3,Subprime,382270,Refinance
LN000352,668,84,2023-Q3,3,Subprime,241036,Purchase
LN000280,671,85,2023-Q3,3,Subprime,217488,Purchase
LN000126,673,75,2023-Q3,3,Subprime,313590,Refinance
LN000402,678,94,2023-Q3,3,Subprime,397993,Refinance
LN000457,687,65,2023-Q3,3,Near Prime,438178,Purchase
LN000082,689,90,2023-Q3,3,Near Prime,309685,Refinance
LN000026,691,72,2023-Q3,3,Near Prime,180254,Refinance
LN000392,692,82,2023-Q3,3,Near Prime,381489,Refinance
LN000515,694,54,2023-Q3,3,Near Prime,301393,Purchase
LN000360,695,84,2023-Q3,3,Near Prime,272323,Refinance
LN000439,695,91,2023-Q3,3,Near Prime,379693,Purchase
LN000390,697,104,2023-Q3,3,Near Prime,211830,Refinance
LN000178,698,74,2023-Q3,3,Near Prime,264844,Purchase
LN000112,699,82,2023-Q3,3,Near Prime,434149,Refinance
LN000361,699,100,2023-Q3,3,Near Prime,383623,Purchase
LN000034,700,84,2023-Q3,3,Near Prime,196372,Refinance
LN000322,700,81,2023-Q3,3,Near Prime,169964,Purchase
LN000365,706,78,2023-Q3,3,Near Prime,496810,Refinance
LN000297,707,73,2023-Q3,3,Near Prime,239051,Refinance
LN000432,708,70,2023-Q3,3,Near Prime,481533,Purchase
LN000003,709,83,2023-Q3,3,Near Prime,250809,Refinance
LN000018,712,78,2023-Q3,3,Near Prime,426497,Purchase
LN000191,712,78,2023-Q3,3,Near Prime,318439,Refinance
LN000272,713,102,2023-Q3,3,Near Prime,469725,Refinance
LN000485,713,96,2023-Q3,3,Near Prime,274478,Purchase
LN000014,715,79,2023-Q3,3,Near Prime,202138,Refinance
LN000329,716,70,2023-Q3,3,Near Prime,284121,Purchase
LN000182,718,94,2023-Q3,3,Near Prime,461778,Refinance
LN000170,719,88,2023-Q3,3,Near Prime,144022,Purchase
LN000036,720,57,2023-Q3,3,Prime,180874,Purchase
LN000214,720,58,2023-Q3,3,Prime,299904,Refinance
LN000004,721,74,2023-Q3,3,Prime,348913,Refinance
LN000288,722,77,2023-Q3,3,Prime,419931,Refinance
LN000358,722,99,2023-Q3,3,Prime,199344,Refinance
LN000443,723,104,2023-Q3,3,Prime,275033,Refinance
LN000088,724,63,2023-Q3,3,Prime,346567,Purchase
LN000118,727,88,2023-Q3,3,Prime,210744,Purchase
LN000102,728,95,2023-Q3,3,Prime,185336,Purchase
LN000121,729,104,2023-Q3,3,Prime,553033,Purchase
LN000174,734,58,2023-Q3,3,Prime,355260,Purchase
LN000412,734,87,2023-Q3,3,Prime,349284,Refinance
LN000226,736,64,2023-Q3,3,Prime,429500,Refinance
LN000384,736,59,2023-Q3,3,Prime,280004,Refinance
LN000246,737,103,2023-Q3,3,Prime,111488,Purchase
LN000116,739,70,2023-Q3,3,Prime,344908,Purchase
LN000451,742,91,2023-Q3,3,Prime,398585,Purchase
LN000065,747,74,2023-Q3,3,Prime,404576,Purchase
LN000172,748,100,2023-Q3,3,Prime,241353,Refinance
LN000104,751,80,2023-Q3,3,Prime,139619,Purchase
LN000066,755,86,2023-Q3,3,Prime,218596,Refinance
LN000416,757,93,2023-Q3,3,Prime,372974,Purchase
LN000349,758,104,2023-Q3,3,Prime,233708,Purchase
LN000344,760,59,2023-Q3,3,Super Prime,243344,Purchase
LN000435,760,76,2023-Q3,3,Super Prime,160161,Refinance
LN000032,765,73,2023-Q3,3,Super Prime,115528,Refinance
LN000120,765,67,2023-Q3,3,Super Prime,302362,Purchase
LN000450,767,102,2023-Q3,3,Super Prime,214958,Purchase
LN000025,769,74,2023-Q3,3,Super Prime,387155,Purchase
LN000206,773,63,2023-Q3,3,Super Prime,152427,Refinance
LN000006,774,82,2023-Q3,3,Super Prime,346209,Purchase
LN000326,776,78,2023-Q3,3,Super Prime,241054,Refinance
LN000252,777,72,2023-Q3,3,Super Prime,461026,Purchase
LN000507,779,73,2023-Q3,3,Super Prime,374824,Refinance
LN000511,798,104,2023-Q3,3,Super Prime,128400,Purchase
LN000442,804,75,2023-Q3,3,Super Prime,152387,Purchase
LN000321,808,85,2023-Q3,3,Super Prime,212698,Purchase
LN000220,811,93,2023-Q3,3,Super Prime,260868,Purchase
LN000061,815,81,2023-Q3,3,Super Prime,266965,Purchase
LN000490,843,89,2023-Q3,3,Super Prime,92000,Purchase
LN000168,848,70,2023-Q3,3,Super Prime,276158,Refinance
LN000423,848,76,2023-Q3,3,Super Prime,296753,Refinance
LN000167,606,99,2023-Q4,4,Subprime,234979,Purchase
LN000366,628,77,2023-Q4,4,Subprime,240532,Refinance
LN000448,639,51,2023-Q4,4,Subprime,146291,Purchase
LN000373,645,95,2023-Q4,4,Subprime,462165,Purchase
LN000501,645,93,2023-Q4,4,Subprime,406019,Refinance
LN000013,651,78,2023-Q4,4,Subprime,158975,Purchase
LN000117,657,81,2023-Q4,4,Subprime,280645,Purchase
LN000474,661,72,2023-Q4,4,Subprime,231233,Refinance
LN000427,664,104,2023-Q4,4,Subprime,232646,Refinance
LN000494,666,71,2023-Q4,4,Subprime,411076,Purchase
LN000464,670,93,2023-Q4,4,Subprime,383648,Refinance
LN000062,682,87,2023-Q4,4,Near Prime,469355,Purchase
LN000458,683,66,2023-Q4,4,Near Prime,127526,Purchase
LN000183,684,85,2023-Q4,4,Near Prime,377184,Refinance
LN000325,684,104,2023-Q4,4,Near Prime,371728,Purchase
LN000231,696,82,2023-Q4,4,Near Prime,309921,Refinance
LN000277,697,86,2023-Q4,4,Near Prime,353136,Purchase
LN000421,697,64,2023-Q4,4,Near Prime,406600,Purchase
LN000179,699,69,2023-Q4,4,Near Prime,271245,Purchase
LN000227,700,74,2023-Q4,4,Near Prime,241962,Purchase
LN000051,703,63,2023-Q4,4,Near Prime,344320,Refinance
LN000125,703,80,2023-Q4,4,Near Prime,327562,Purchase
LN000446,703,96,2023-Q4,4,Near Prime,348769,Purchase
LN000350,704,93,2023-Q4,4,Near Prime,381719,Refinance
LN000218,705,83,2023-Q4,4,Near Prime,283547,Refinance
LN000138,707,58,2023-Q4,4,Near Prime,278749,Refinance
LN000130,711,75,2023-Q4,4,Near Prime,344998,Purchase
LN000437,711,86,2023-Q4,4,Near Prime,300031,Purchase
LN000251,713,66,2023-Q4,4,Near Prime,92000,Purchase
LN000039,715,83,2023-Q4,4,Near Prime,389583,Purchase
LN000400,715,86,2023-Q4,4,Near Prime,224492,Purchase
LN000073,716,81,2023-Q4,4,Near Prime,216741,Refinance
LN000248,719,85,2023-Q4,4,Near Prime,422595,Purchase
LN000263,722,78,2023-Q4,4,Prime,264345,Purchase
LN000045,723,75,2023-Q4,4,Prime,243373,Refinance
LN000305,723,69,2023-Q4,4,Prime,270853,Purchase
LN000101,725,104,2023-Q4,4,Prime,406516,Refinance
LN000379,726,70,2023-Q4,4,Prime,230445,Purchase
LN000289,728,93,2023-Q4,4,Prime,244440,Purchase
LN000388,729,89,2023-Q4,4,Prime,422613,Refinance
LN000436,729,96,2023-Q4,4,Prime,454296,Purchase
LN000287,732,74,2023-Q4,4,Prime,263130,Refinance
LN000270,736,71,2023-Q4,4,Prime,318672,Purchase
LN000381,738,73,2023-Q4,4,Prime,92646,Purchase
LN000236,741,93,2023-Q4,4,Prime,398655,Refinance
LN000094,742,79,2023-Q4,4,Prime,187799,Purchase
LN000413,746,98,2023-Q4,4,Prime,246745,Refinance
LN000482,746,83,2023-Q4,4,Prime,371194,Refinance
LN000466,748,66,2023-Q4,4,Prime,490861,Purchase
LN000506,752,81,2023-Q4,4,Prime,350816,Purchase
LN000043,753,99,2023-Q4,4,Prime,392279,Purchase
LN000081,758,91,2023-Q4,4,Prime,586695,Purchase
LN000103,758,89,2023-Q4,4,Prime,389885,Purchase
LN000222,760,96,2023-Q4,4,Super Prime,602135,Purchase
LN000408,764,71,2023-Q4,4,Super Prime,323162,Refinance
LN000461,765,63,2023-Q4,4,Super Prime,253942,Refinance
LN000301,770,81,2023-Q4,4,Super Prime,237698,Purchase
LN000019,771,104,2023-Q4,4,Super Prime,284952,Purchase
LN000056,772,69,2023-Q4,4,Super Prime,283108,Refinance
LN000151,773,102,2023-Q4,4,Super Prime,337938,Purchase
LN000438,775,84,2023-Q4,4,Super Prime,94068,Purchase
LN000211,777,79,2023-Q4,4,Super Prime,360881,Refinance
LN000087,779,90,2023-Q4,4,Super Prime,305438,Refinance
LN000131,782,93,2023-Q4,4,Super Prime,430993,Refinance
LN000476,782,79,2023-Q4,4,Super Prime,349694,Purchase
LN000155,784,90,2023-Q4,4,Super Prime,258068,Refinance
LN000465,784,74,2023-Q4,4,Super Prime,362626,Refinance
LN000265,787,103,2023-Q4,4,Super Prime,258486,Refinance
LN000137,796,53,2023-Q4,4,Super Prime,442815,Purchase
LN000380,797,90,2023-Q4,4,Super Prime,238646,Purchase
LN000157,798,82,2023-Q4,4,Super Prime,266733,Refinance
LN000362,807,84,2023-Q4,4,Super Prime,338396,Refinance
LN000504,807,72,2023-Q4,4,Super Prime,369854,Refinance
LN000053,810,93,2023-Q4,4,Super Prime,207526,Purchase
LN000386,823,74,2023-Q4,4,Super Prime,472414,Purchase
LN000275,834,99,2023-Q4,4,Super Prime,331591,Refinance
LN000092,843,78,2023-Q4,4,Super Prime,415917,Purchase
LN000208,589,85,2024-Q1,5,Subprime,468034,Refinance
LN000391,594,103,2024-Q1,5,Subprime,344024,Refinance
LN000007,612,92,2024-Q1,5,Subprime,274991,Purchase
LN000024,656,87,2024-Q1,5,Subprime,229542,Refinance
LN000463,659,97,2024-Q1,5,Subprime,250046,Purchase
LN000161,665,78,2024-Q1,5,Subprime,288144,Purchase
LN000333,671,90,2024-Q1,5,Subprime,167073,Refinance
LN000133,681,103,2024-Q1,5,Near Prime,258389,Refinance
LN000282,687,72,2024-Q1,5,Near Prime,189293,Refinance
LN000330,687,104,2024-Q1,5,Near Prime,178339,Refinance
LN000055,701,84,2024-Q1,5,Near Prime,225043,Purchase
LN000509,701,99,2024-Q1,5,Near Prime,295821,Purchase
LN000027,706,77,2024-Q1,5,Near Prime,414307,Refinance
LN000046,708,100,2024-Q1,5,Near Prime,386976,Purchase
LN000308,709,83,2024-Q1,5,Near Prime,207527,Purchase
LN000164,710,86,2024-Q1,5,Near Prime,425084,Purchase
LN000029,711,94,2024-Q1,5,Near Prime,377500,Refinance
LN000205,711,85,2024-Q1,5,Near Prime,340062,Refinance
LN000364,722,70,2024-Q1,5,Prime,510342,Refinance
LN000175,724,90,2024-Q1,5,Prime,176380,Purchase
LN000318,724,78,2024-Q1,5,Prime,273244,Purchase
LN000395,724,66,2024-Q1,5,Prime,179065,Purchase
LN000114,728,82,2024-Q1,5,Prime,362171,Purchase
LN000500,731,74,2024-Q1,5,Prime,360658,Purchase
LN000345,733,99,2024-Q1,5,Prime,300714,Purchase
LN000398,733,104,2024-Q1,5,Prime,255661,Purchase
LN000040,734,93,2024-Q1,5,Prime,329915,Refinance
LN000139,735,73,2024-Q1,5,Prime,256023,Purchase
LN000154,735,87,2024-Q1,5,Prime,260692,Refinance
LN000213,736,71,2024-Q1,5,Prime,100011,Purchase
LN000038,741,96,2024-Q1,5,Prime,253650,Refinance
LN000229,742,102,2024-Q1,5,Prime,275468,Purchase
LN000285,742,78,2024-Q1,5,Prime,203778,Refinance
LN000268,743,83,2024-Q1,5,Prime,624533,Purchase
LN000292,744,81,2024-Q1,5,Prime,314805,Purchase
LN000460,746,83,2024-Q1,5,Prime,92000,Refinance
LN000148,747,76,2024-Q1,5,Prime,279281,Purchase
LN000418,750,81,2024-Q1,5,Prime,203517,Purchase
LN000129,751,77,2024-Q1,5,Prime,454752,Purchase
LN000159,755,74,2024-Q1,5,Prime,348112,Purchase
LN000371,764,74,2024-Q1,5,Super Prime,189182,Refinance
LN000142,766,96,2024-Q1,5,Super Prime,272262,Purchase
LN000387,775,88,2024-Q1,5,Super Prime,357472,Refinance
LN000084,777,95,2024-Q1,5,Super Prime,260737,Purchase
LN000180,783,71,2024-Q1,5,Super Prime,346920,Purchase
LN000022,792,86,2024-Q1,5,Super Prime,374912,Purchase
LN000001,808,77,2024-Q1,5,Super Prime,279391,Refinance
LN000122,825,84,2024-Q1,5,Super Prime,362635,Purchase
LN000376,839,84,2024-Q1,5,Super Prime,400113,Purchase
LN000300,585,74,2024-Q2,6,Subprime,92000,Refinance
LN000135,610,84,2024-Q2,6,Subprime,401668,Purchase
LN000257,627,72,2024-Q2,6,Subprime,420667,Refinance
LN000241,643,79,2024-Q2,6,Subprime,258018,Refinance
LN000356,647,69,2024-Q2,6,Subprime,469098,Refinance
LN000336,648,77,2024-Q2,6,Subprime,280768,Refinance
LN000310,651,94,2024-Q2,6,Subprime,275609,Purchase
LN000023,661,75,2024-Q2,6,Subprime,639056,Refinance
LN000335,666,99,2024-Q2,6,Subprime,111983,Purchase
LN000382,667,99,2024-Q2,6,Subprime,281770,Purchase
LN000050,672,94,2024-Q2,6,Subprime,138331,Purchase
LN000259,674,82,2024-Q2,6,Subprime,157655,Purchase
LN000397,674,80,2024-Q2,6,Subprime,333243,Refinance
LN000433,675,101,2024-Q2,6,Subprime,223060,Purchase
LN000410,681,85,2024-Q2,6,Near Prime,253811,Purchase
LN000342,683,87,2024-Q2,6,Near Prime,362325,Purchase
LN000340,685,92,2024-Q2,6,Near Prime,300327,Purchase
LN000165,686,57,2024-Q2,6,Near Prime,472621,Purchase
LN000235,686,95,2024-Q2,6,Near Prime,419517,Refinance
LN000215,689,103,2024-Q2,6,Near Prime,260856,Refinance
LN000294,689,83,2024-Q2,6,Near Prime,406489,Purchase
LN000075,690,80,2024-Q2,6,Near Prime,281701,Refinance
LN000260,691,67,2024-Q2,6,Near Prime,385040,Purchase
LN000100,697,80,2024-Q2,6,Near Prime,324087,Purchase
LN000513,698,58,2024-Q2,6,Near Prime,397573,Refinance
LN000281,699,89,2024-Q2,6,Near Prime,200028,Refinance
LN000044,708,71,2024-Q2,6,Near Prime,324661,Purchase
LN000140,717,97,2024-Q2,6,Near Prime,274328,Refinance
LN000193,720,96,2024-Q2,6,Prime,290837,Purchase
LN000042,723,76,2024-Q2,6,Prime,287616,Purchase
LN000189,723,99,2024-Q2,6,Prime,466167,Refinance
LN000353,723,59,2024-Q2,6,Prime,335625,Refinance
LN000115,724,69,2024-Q2,6,Prime,371692,Purchase
LN000134,726,53,2024-Q2,6,Prime,157317,Refinance
LN000247,727,74,2024-Q2,6,Prime,218364,Refinance
LN000303,730,92,2024-Q2,6,Prime,315395,Purchase
LN000341,730,58,2024-Q2,6,Prime,352932,Refinance
LN000503,732,69,2024-Q2,6,Prime,92000,Refinance
LN000177,734,94,2024-Q2,6,Prime,356479,Purchase
LN000493,735,68,2024-Q2,6,Prime,311237,Refinance
LN000188,736,85,2024-Q2,6,Prime,391080,Purchase
LN000158,740,81,2024-Q2,6,Prime,152647,Purchase
LN000187,747,73,2024-Q2,6,Prime,360357,Purchase
LN000086,751,102,2024-Q2,6,Prime,140835,Refinance
LN000070,756,71,2024-Q2,6,Prime,344447,Purchase
LN000444,757,87,2024-Q2,6,Prime,426452,Purchase
LN000499,757,64,2024-Q2,6,Prime,223878,Purchase
LN000324,760,65,2024-Q2,6,Super Prime,441475,Purchase
LN000002,761,63,2024-Q2,6,Super Prime,142202,Purchase
LN000317,762,85,2024-Q2,6,Super Prime,310137,Purchase
LN000016,763,82,2024-Q2,6,Super Prime,202146,Purchase
LN000147,764,70,2024-Q2,6,Super Prime,391731,Purchase
LN000153,765,75,2024-Q2,6,Super Prime,296828,Refinance
LN000378,771,83,2024-Q2,6,Super Prime,174992,Refinance
LN000512,776,73,2024-Q2,6,Super Prime,221226,Purchase
LN000195,779,85,2024-Q2,6,Super Prime,180929,Refinance
LN000201,779,88,2024-Q2,6,Super Prime,250595,Refinance
LN000240,779,91,2024-Q2,6,Super Prime,355125,Purchase
LN000481,779,93,2024-Q2,6,Super Prime,503168,Purchase
LN000389,782,64,2024-Q2,6,Super Prime,178285,Purchase
LN000414,783,84,2024-Q2,6,Super Prime,311619,Refinance
LN000415,783,95,2024-Q2,6,Super Prime,178773,Refinance
LN000431,788,85,2024-Q2,6,Super Prime,268482,Purchase
LN000484,790,78,2024-Q2,6,Super Prime,433450,Purchase
LN000141,791,74,2024-Q2,6,Super Prime,340818,Refinance
LN000095,794,79,2024-Q2,6,Super Prime,520463,Purchase
LN000194,817,86,2024-Q2,6,Super Prime,230679,Purchase
LN000354,817,68,2024-Q2,6,Super Prime,382741,Purchase
LN000072,822,63,2024-Q2,6,Super Prime,340286,Refinance
LN000202,829,53,2024-Q2,6,Super Prime,333602,Refinance
LN000516,619,80,2024-Q3,7,Subprime,457386,Refinance
LN000200,621,104,2024-Q3,7,Subprime,320781,Purchase
LN000426,644,83,2024-Q3,7,Subprime,246334,Purchase
LN000105,649,67,2024-Q3,7,Subprime,249335,Purchase
LN000422,664,68,2024-Q3,7,Subprime,283136,Refinance
LN000217,665,81,2024-Q3,7,Subprime,197763,Purchase
LN000078,675,86,2024-Q3,7,Subprime,221485,Purchase
LN000411,678,69,2024-Q3,7,Subprime,335899,Purchase
LN000093,679,74,2024-Q3,7,Subprime,423508,Refinance
LN000199,680,102,2024-Q3,7,Near Prime,295955,Purchase
LN000210,682,91,2024-Q3,7,Near Prime,588192,Purchase
LN000225,691,98,2024-Q3,7,Near Prime,270297,Purchase
LN000355,695,94,2024-Q3,7,Near Prime,211738,Purchase
LN000107,696,63,2024-Q3,7,Near Prime,100002,Refinance
LN000375,696,77,2024-Q3,7,Near Prime,100890,Purchase
LN000425,697,99,2024-Q3,7,Near Prime,322400,Refinance
LN000111,698,83,2024-Q3,7,Near Prime,323815,Refinance
LN000253,699,81,2024-Q3,7,Near Prime,252141,Refinance
LN000440,700,102,2024-Q3,7,Near Prime,530699,Purchase
LN000089,702,67,2024-Q3,7,Near Prime,164998,Refinance
LN000091,705,89,2024-Q3,7,Near Prime,147378,Refinance
LN000453,707,82,2024-Q3,7,Near Prime,437806,Purchase
LN000074,708,73,2024-Q3,7,Near Prime,231016,Purchase
LN000171,711,89,2024-Q3,7,Near Prime,177321,Refinance
LN000286,712,93,2024-Q3,7,Near Prime,436285,Refinance
LN000096,713,87,2024-Q3,7,Near Prime,245030,Purchase
LN000237,714,101,2024-Q3,7,Near Prime,252939,Refinance
LN000314,715,80,2024-Q3,7,Near Prime,329182,Purchase
LN000274,716,96,2024-Q3,7,Near Prime,170735,Purchase
LN000296,717,85,2024-Q3,7,Near Prime,147928,Refinance
LN000186,719,77,2024-Q3,7,Near Prime,421906,Purchase
LN000334,720,87,2024-Q3,7,Prime,94142,Purchase
LN000119,721,92,2024-Q3,7,Prime,428251,Purchase
LN000110,723,90,2024-Q3,7,Prime,456487,Purchase
LN000404,725,89,2024-Q3,7,Prime,292934,Purchase
LN000249,726,57,2024-Q3,7,Prime,425702,Refinance
LN000320,729,100,2024-Q3,7,Prime,120997,Purchase
LN000181,731,77,2024-Q3,7,Prime,586735,Purchase
LN000166,733,77,2024-Q3,7,Prime,228145,Refinance
LN000254,734,79,2024-Q3,7,Prime,382293,Purchase
LN000242,736,94,2024-Q3,7,Prime,285885,Refinance
LN000377,736,87,2024-Q3,7,Prime,260611,Purchase
LN000143,738,70,2024-Q3,7,Prime,272245,Purchase
LN000337,741,75,2024-Q3,7,Prime,369255,Purchase
LN000315,747,90,2024-Q3,7,Prime,265542,Purchase
LN000298,748,88,2024-Q3,7,Prime,205669,Purchase
LN000497,751,90,2024-Q3,7,Prime,246445,Purchase
LN000090,754,62,2024-Q3,7,Prime,217302,Refinance
LN000173,754,93,2024-Q3,7,Prime,265891,Refinance
LN000424,754,77,2024-Q3,7,Prime,218607,Purchase
LN000209,755,71,2024-Q3,7,Prime,238569,Purchase
LN000031,756,86,2024-Q3,7,Prime,324004,Purchase
LN000149,757,93,2024-Q3,7,Prime,245798,Refinance
LN000396,764,67,2024-Q3,7,Super Prime,417059,Purchase
LN000005,771,74,2024-Q3,7,Super Prime,206456,Purchase
LN000047,771,69,2024-Q3,7,Super Prime,245051,Refinance
LN000080,773,80,2024-Q3,7,Super Prime,428288,Purchase
LN000113,773,61,2024-Q3,7,Super Prime,153293,Purchase
LN000076,776,69,2024-Q3,7,Super Prime,372882,Refinance
LN000015,792,83,2024-Q3,7,Super Prime,323880,Purchase
LN000429,797,97,2024-Q3,7,Super Prime,490077,Purchase
LN000510,804,93,2024-Q3,7,Super Prime,297169,Purchase
LN000430,805,79,2024-Q3,7,Super Prime,438401,Refinance
LN000445,813,73,2024-Q3,7,Super Prime,203186,Refinance
LN000401,834,73,2024-Q3,7,Super Prime,418300,Refinance
LN000198,836,89,2024-Q3,7,Super Prime,185916,Purchase
LN000144,848,76,2024-Q3,7,Super Prime,345023,Purchase
LN000477,624,77,2024-Q4,8,Subprime,303011,Purchase
LN000132,626,88,2024-Q4,8,Subprime,297588,Refinance
LN000394,641,70,2024-Q4,8,Subprime,153611,Refinance
LN000028,652,85,2024-Q4,8,Subprime,340575,Purchase
LN000496,654,75,2024-Q4,8,Subprime,256905,Purchase
LN000454,657,93,2024-Q4,8,Subprime,394776,Purchase
LN000033,662,100,2024-Q4,8,Subprime,371918,Purchase
LN000486,664,77,2024-Q4,8,Subprime,158506,Refinance
LN000232,667,84,2024-Q4,8,Subprime,134137,Purchase
LN000162,669,71,2024-Q4,8,Subprime,167288,Purchase
LN000216,670,85,2024-Q4,8,Subprime,277565,Purchase
LN000273,670,91,2024-Q4,8,Subprime,150325,Refinance
LN000212,672,74,2024-Q4,8,Subprime,171473,Purchase
LN000060,674,59,2024-Q4,8,Subprime,453473,Purchase
LN000223,678,84,2024-Q4,8,Subprime,408236,Refinance
LN000293,680,73,2024-Q4,8,Near Prime,222555,Refinance
LN000459,683,100,2024-Q4,8,Near Prime,246893,Purchase
LN000099,687,69,2024-Q4,8,Near Prime,263331,Purchase
LN000224,687,86,2024-Q4,8,Near Prime,375498,Refinance
LN000385,690,95,2024-Q4,8,Near Prime,511532,Refinance
LN000243,691,104,2024-Q4,8,Near Prime,546831,Purchase
LN000228,695,78,2024-Q4,8,Near Prime,339391,Refinance
LN000471,696,88,2024-Q4,8,Near Prime,262849,Purchase
LN000219,699,78,2024-Q4,8,Near Prime,102826,Purchase
LN000313,699,70,2024-Q4,8,Near Prime,390786,Purchase
LN000348,704,73,2024-Q4,8,Near Prime,182128,Purchase
LN000428,704,72,2024-Q4,8,Near Prime,402624,Refinance
LN000309,706,74,2024-Q4,8,Near Prime,124613,Purchase
LN000184,707,79,2024-Q4,8,Near Prime,385832,Purchase
LN000233,707,87,2024-Q4,8,Near Prime,246957,Refinance
LN000489,714,89,2024-Q4,8,Near Prime,225586,Purchase
LN000467,716,73,2024-Q4,8,Near Prime,214273,Purchase
LN000327,717,97,2024-Q4,8,Near Prime,288547,Purchase
LN000406,718,66,2024-Q4,8,Near Prime,210083,Purchase
LN000244,720,103,2024-Q4,8,Prime,188417,Refinance
LN000269,720,70,2024-Q4,8,Prime,449186,Purchase
LN000332,720,99,2024-Q4,8,Prime,165843,Refinance
LN000203,721,88,2024-Q4,8,Prime,312917,Purchase
LN000514,721,58,2024-Q4,8,Prime,465610,Purchase
LN000221,724,82,2024-Q4,8,Prime,415350,Purchase
LN000283,724,69,2024-Q4,8,Prime,286356,Purchase
LN000185,725,65,2024-Q4,8,Prime,233020,Refinance
LN000279,725,96,2024-Q4,8,Prime,423396,Refinance
LN000271,729,76,2024-Q4,8,Prime,318851,Refinance
LN000010,733,74,2024-Q4,8,Prime,210101,Purchase
LN000058,735,59,2024-Q4,8,Prime,311992,Purchase
LN000068,735,67,2024-Q4,8,Prime,268577,Purchase
LN000083,737,75,2024-Q4,8,Prime,492471,Purchase
LN000278,738,98,2024-Q4,8,Prime,263952,Purchase
LN000351,738,87,2024-Q4,8,Prime,215637,Refinance
LN000359,738,85,2024-Q4,8,Prime,496911,Refinance
LN000469,738,104,2024-Q4,8,Prime,358628,Purchase
LN000403,739,59,2024-Q4,8,Prime,92000,Purchase
LN000052,740,74,2024-Q4,8,Prime,226848,Purchase
LN000480,741,89,2024-Q4,8,Prime,234697,Purchase
LN000502,744,75,2024-Q4,8,Prime,300999,Purchase
LN000009,745,89,2024-Q4,8,Prime,245219,Refinance
LN000204,747,81,2024-Q4,8,Prime,296251,Refinance
LN000054,755,66,2024-Q4,8,Prime,420568,Purchase
LN000176,756,101,2024-Q4,8,Prime,306645,Purchase
LN000498,756,82,2024-Q4,8,Prime,342876,Purchase
LN000041,774,74,2024-Q4,8,Super Prime,513814,Purchase
LN000302,774,85,2024-Q4,8,Super Prime,225313,Purchase
LN000245,778,75,2024-Q4,8,Super Prime,429264,Purchase
LN000152,780,84,2024-Q4,8,Super Prime,354604,Refinance
LN000192,784,85,2024-Q4,8,Super Prime,180457,Refinance
LN000255,784,84,2024-Q4,8,Super Prime,403029,Purchase
LN000057,785,61,2024-Q4,8,Super Prime,301708,Purchase
LN000328,786,86,2024-Q4,8,Super Prime,231741,Refinance
LN000106,787,78,2024-Q4,8,Super Prime,243274,Refinance
LN000037,791,82,2024-Q4,8,Super Prime,227646,Purchase
LN000163,794,89,2024-Q4,8,Super Prime,237917,Refinance
LN000475,794,96,2024-Q4,8,Super Prime,156460,Purchase
LN000505,797,72,2024-Q4,8,Super Prime,279948,Refinance
LN000347,800,81,2024-Q4,8,Super Prime,358227,Refinance
LN000136,810,79,2024-Q4,8,Super Prime,233532,Purchase
LN000169,810,51,2024-Q4,8,Super Prime,301522,Refinance
LN000306,813,90,2024-Q4,8,Super Prime,156335,Purchase
LN000256,824,60,2024-Q4,8,Super Prime,155971,Refinance
LN000312,844,63,2024-Q4,8,Super Prime,181785,Purchase
